{
  "radius": [-2,-3,-3,-4.5,-5,-6,-9,0,9,6,5,4.5,3,3,2],
  "speeds": [2.5,4,5,5,6.5,8,12,15,12,8,6.5,5,5,4,2.5],
  "num_steps": 50,
  "num_waypoints": 3,
  "dis_exp": -1,
  "step_size": 0.1,
  "dis_threshold": 0.05,
  "length_exp": -0.8,
  "hori_size": 10,
  "vert_size": 10,
  "wheel_base": 1.0,
  "vis_resolution": 0.05,
  "waypoints": [[291, 530], [331, 518], [366, 487], [385, 453], [398, 398], [396, 340], [376, 285], [369, 228], [370, 170], [371, 133], [372, 109], [367, 89], [359, 77], [342, 66], [319, 67], [300, 84], [291, 102], [279, 122], [271, 151], [261, 188], [255, 225], [252, 254], [243, 278], [228, 312], [216, 356], [220, 382], [223, 397], [224, 415], [218, 432], [199, 436], [179, 433], [160, 433], [143, 436], [132, 445], [133, 468], [149, 495], [182, 516]],
  "thresholds": [1.2,1.2,1.2,0.8,0.8,0.8,0.8,0.8,0.8,0.8,0.8,0.8,0.8,0.8,0.8,0.8,0.8,0.8,0.8,0.8,0.8,0.8,0.8,0.8,0.8,0.8,0.8,0.8,0.8,0.8,0.8,0.8,0.8,0.8,0.8,0.8,0.8],
  "waypoint_weights": [100,100,100,100,100,100,100,100,100,100,100,100,100,100,100,100,100,100,100,100,100,100,100,100,100,100,100,100,100,100,100,100,100,100,100,100,100],
  "map_orig": [-11.60654,-26.520793],
  "map_resolution": 0.05
}
