{
  "radius": [-1.5,-3,-3,-4.5,-5,-6,-9,0,9,6,5,4.5,3,3,1.5],
  "speeds": [2.5,3,4,4,5,6,8,10,8,6,5,4,4,3,2.5],
  "speeds_tmp": [2.5,3,5,5,6.5,8,10,12,10,8,6.5,5,5,3,2.5],
  "num_steps": 50,
  "num_waypoints": 3,
  "dis_exp": -1,
  "step_size": 0.1,
  "dis_threshold": 0.05,
  "length_exp": -0.8,
  "hori_size": 10,
  "vert_size": 10,
  "wheel_base": 1.0,
  "vis_resolution": 0.05,
  "waypoints": [[272, 529], [318, 524], [356, 509], [379, 478], [389, 447], [395, 415], [394, 372], [388, 337], [380, 298], [373, 256], [370, 212], [368, 172], [365, 145], [360, 116], [352, 65], [338, 55], [311, 86], [292, 121], [279, 155], [269, 199], [260, 239], [245, 276], [228, 304], [214, 335], [214, 370], [220, 410], [220, 430], [200, 431], [174, 431], [132, 442], [148, 475], [178, 504], [204, 517]],
  "thresholds": [1.2,1.2,1.2,1.2,1.2,1.2,1.2,1.2,1.2,1.2,1.2,1.2,1.2,1.2,1.2,1.2,1.2,1.2,1.2,1.2,1.2,1.2,1.2,1.2,1.2,1.2,1.2,1.2,1.2,1.2,1.2,1.2,1.2],
  "waypoint_weights": [100,100,100,100,100,100,100,100,100,100,100,100,100,100,100,100,100,100,100,100,100,100,100,100,100,100,100,100,100,100,100,100,100],
  "waypoint_multipliers": [50,2,1],
  "map_orig": [-11.60654,-26.520793],
  "map_resolution": 0.05
}
