{
  "radius": [-1.5,-3,-3,-4.5,-5,-6,-9,0,9,6,5,4.5,3,3,1.5],
  "speeds": [2.5,3,4,4,5,6,20,20,20,6,5,4,4,3,2.5],
  "speeds_obstacle": [2,4,4,4,4,4,4,4,4,4,4,4,4,4,2],
  "speeds_tmp": [2.5,3,4,4,5,6,8,10,8,6,5,4,4,3,2.5],
  "num_steps": 150,
  "num_waypoints": 3,
  "dis_exp": -1,
  "step_size": 0.1,
  "dis_threshold": 0.3,
  "length_exp": -0.8,
  "hori_size": 10,
  "vert_size": 10,
  "wheel_base": 1.0,
  "vis_resolution": 0.05,
  "test_wp": [[103,190], [1139,210]],
  "waypoints": [[272, 529], [318, 524], [356, 509], [379, 478], [389, 447], [395, 415], [394, 372], [388, 337], [380, 298], [373, 256], [370, 212], [368, 172], [365, 145], [360, 116], [352, 60], [330, 50], [311, 86], [292, 121], [279, 155], [269, 199], [256, 239], [240, 276], [228, 304], [218, 335], [214, 370], [220, 410], [220, 430], [195, 427], [170, 427], [125, 442], [148, 480], [178, 508], [204, 520]],
  "thresholds": [1.2,1.2,1.2,1.2,1.2,1.2,1.2,1.2,1.2,1.2,1.2,1.2,1.2,1.2,1.2,1.2,1.2,1.2,1.2,1.2,1.2,1.2,1.2,1.2,1.2,1.2,1.2,1.5,1.5,1.5,1.5,1.2,1.2],
  "waypoint_weights": [100,100,100,100,100,100,100,100,100,100,100,100,100,100,100,100,100,100,100,100,100,100,100,100,100,100,100,100,100,100,100,100,100],
  "waypoint_multipliers": [8,0.5,0.1],
  "map_txt": "../../tools/berlin_blurred.txt",
  "obstacle_thresh": 5100,
  "map_orig": [-11.60654,-26.520793],
  "map_resolution": 0.05
}
