{
  "radius": [-7,-2.2,-2.2,-3,-4.5,-5,-3,0,3,5,4.5,3,2.2,2.2,7],
  "speeds": [4,5,8,12,12,12,12,12,12,12,12,12,8,5,4],
  "speeds_obstacle": [2,4,4,4,4,4,4,4,4,4,4,4,4,4,2],
  "speeds_tmp": [2.5,3,4,5,5,6,7.5,13,7.5,6,5,5,4,3,2.5],
  "radius_tight": [-1.3,-3,-4,-4.5,-5,-6,-9,0,9,6,5,4.5,4,3,1.3],
  "speeds_tight": [2.5,3,4,5,6,7,8,8,8,7,6,5,4,3,2.5],
  "num_steps": 50,
  "num_waypoints": 3,
  "dis_exp": -1,
  "step_size": 0.1,
  "dis_threshold": 0.5,
  "length_exp": -0.8,
  "hori_size": 10,
  "vert_size": 10,
  "wheel_base": 0.3,
  "vis_resolution": 0.05,
  "test_wp": [[103,190], [1139,210]],
  "waypoints": [[272, 535], [318, 524], [356, 509], [379, 478], [389, 447], [395, 415], [394, 372], [388, 337], [380, 298], [373, 256], [370, 212], [366, 172], [363, 145], [360, 116], [352, 50], [330, 40], [311, 86], [295, 121], [284, 155], [268, 199], [255, 239], [240, 276], [228, 304], [218, 335], [214, 370], [220, 405], [220, 430], [195, 427], [170, 427], [125, 430], [140, 485], [165, 510], [204, 530]],
  "thresholds": [1.2,1.2,1.2,1.2,1.2,1.2,1.2,1.2,1.2,1.2,1.2,1.2,1.2,1.2,1.2,1.2,1.2,1.2,1.2,1.2,1.2,1.2,1.2,1.2,1.2,1.2,1.2,1.5,1.5,2.0,1.5,1.5,1.5],
  "waypoint_weights": [100,100,100,100,100,100,100,100,100,100,100,100,100,100,100,100,100,100,100,100,100,100,100,100,100,100,100,100,100,100,100,100,100],
  "waypoint_multipliers": [8,0.5,0.1],
  "map_txt": "tools/berlin_blurred.txt",
  "obstacle_thresh": 5100,
  "map_orig": [-11.60654,-26.520793],
  "map_resolution": 0.05
}
